id;event_date;venue;plan;created_date;contact_number;email_id;user_name;user_id
1;2021-07-09T05:10:09;Rubber cyan ROI;ENGLISH;2021-07-08T15:54:01;cultivate EXE;Avon Point calculate;Salad Vincent monitor;backing Refined
2;2021-07-08T23:25:43;Oklahoma;FRENCH;2021-07-08T14:25:06;Hollow Industrial Tasty;Direct THX;COM Planner deposit;Concrete Chips wireless
3;2021-07-08T15:09:52;white;ENGLISH;2021-07-09T05:14:23;iterate;pixel Refined Assurance;Account;Cotton Alaska Cheese
4;2021-07-09T11:16:14;world-class;FRENCH;2021-07-08T13:37:39;deliverables;Tasty Savings;cross-platform;Forward Cheese
5;2021-07-08T20:55:52;Rubber;FRENCH;2021-07-08T14:30:18;hub;leverage Health Legacy;invoice deliver;Applications Uzbekistan
6;2021-07-08T19:08:16;Orchestrator Total;FRENCH;2021-07-09T05:02:09;communities withdrawal;Samoa blockchains iterate;Practical Mouse Forge;Borders embrace Koruna
7;2021-07-09T12:12:18;Table;SPANISH;2021-07-09T03:22:24;Movies best-of-breed Cuban;CSS CSS Frozen;Alaska magenta;architect Buckinghamshire multi-byte
8;2021-07-09T04:45:43;Steel Optional Hryvnia;FRENCH;2021-07-09T00:23:11;Connecticut;Saint;TCP indexing Ireland;Product concept program
9;2021-07-08T16:29:06;Savings Virginia Alabama;ENGLISH;2021-07-08T18:42:34;reboot Car;systematic Rustic Iowa;calculate Wooden deploy;connecting transform
10;2021-07-09T12:29:37;Liberian;SPANISH;2021-07-09T00:25:41;Manager virtual Generic;Dollar;Manager Wooden;streamline bandwidth
